,Schedule No.,Constituency_x,2020 District,2011 District,Lok Ac,Turnout [4],Winner,Party,Margin,Party_abbrv
0,1,Gummidipoondi,Tiruvallur,Thiruvallur,Thiruvallur,72.33,Dr. Jeyakumar,Indian National Congress,356955,IND
1,2,Ponneri,Tiruvallur,Thiruvallur,Thiruvallur,72.33,Dr. Jeyakumar,Indian National Congress,356955,IND
2,3,Tiruttani,Tiruvallur,Thiruvallur,Arakkonam,78.65,S. Jagathrakshakan,Dravida Munnetra Kazhagam,328956,DMK
3,4,Thiruvallur,Tiruvallur,Thiruvallur,Thiruvallur,72.33,Dr. Jeyakumar,Indian National Congress,356955,IND
4,5,Poonamallee,Tiruvallur,Thiruvallur,Thiruvallur,72.33,Dr. Jeyakumar,Indian National Congress,356955,IND
5,6,Avadi,Tiruvallur,Thiruvallur,Thiruvallur,72.33,Dr. Jeyakumar,Indian National Congress,356955,IND
6,7,Maduravoyal,Chennai,Chennai,Sriperumbudur,62.44,T R Baalu,Dravida Munnetra Kazhagam,484732,DMK
7,8,Ambattur,Chennai,Chennai,Sriperumbudur,62.44,T R Baalu,Dravida Munnetra Kazhagam,484732,DMK
8,9,Madavaram,Chennai,Chennai,Thiruvallur,72.33,Dr. Jeyakumar,Indian National Congress,356955,IND
9,10,Thiruvottiyur,Chennai,Chennai,Chennai North,64.26,Kalanidhi Veeraswamy,Dravida Munnetra Kazhagam,461518,DMK
10,11,Dr. Radhakrishnan Nagar,Chennai,Chennai,Chennai North,64.26,Kalanidhi Veeraswamy,Dravida Munnetra Kazhagam,461518,DMK
11,12,Perambur,Chennai,Chennai,Chennai North,64.26,Kalanidhi Veeraswamy,Dravida Munnetra Kazhagam,461518,DMK
12,13,Kolathur,Chennai,Chennai,Chennai North,64.26,Kalanidhi Veeraswamy,Dravida Munnetra Kazhagam,461518,DMK
13,14,Villivakkam,Chennai,Chennai,Chennai Central,58.98,Dayanidhi Maran,Dravida Munnetra Kazhagam,301520,DMK
14,15,Thiru. Vi. Ka. Nagar,Chennai,Chennai,Chennai North,64.26,Kalanidhi Veeraswamy,Dravida Munnetra Kazhagam,461518,DMK
15,16,Egmore,Chennai,Chennai,Chennai Central,58.98,Dayanidhi Maran,Dravida Munnetra Kazhagam,301520,DMK
16,17,Royapuram,Chennai,Chennai,Chennai North,64.26,Kalanidhi Veeraswamy,Dravida Munnetra Kazhagam,461518,DMK
17,18,Harbour,Chennai,Chennai,Chennai Central,58.98,Dayanidhi Maran,Dravida Munnetra Kazhagam,301520,DMK
18,19,Chepauk-Thiruvallikeni,Chennai,Chennai,Chennai Central,58.98,Dayanidhi Maran,Dravida Munnetra Kazhagam,301520,DMK
19,20,Thousand Lights,Chennai,Chennai,Chennai Central,58.98,Dayanidhi Maran,Dravida Munnetra Kazhagam,301520,DMK
20,21,Anna Nagar,Chennai,Chennai,Chennai Central,58.98,Dayanidhi Maran,Dravida Munnetra Kazhagam,301520,DMK
21,22,Virugambakkam,Chennai,Chennai,Chennai South,57.07,Thamizhachi Thangapandian,Dravida Munnetra Kazhagam,262223,DMK
22,23,Saidapet,Chennai,Chennai,Chennai South,57.07,Thamizhachi Thangapandian,Dravida Munnetra Kazhagam,262223,DMK
23,24,T. Nagar,Chennai,Chennai,Chennai South,57.07,Thamizhachi Thangapandian,Dravida Munnetra Kazhagam,262223,DMK
24,25,Mylapore,Chennai,Chennai,Chennai South,57.07,Thamizhachi Thangapandian,Dravida Munnetra Kazhagam,262223,DMK
25,26,Velachery,Chennai,Chennai,Chennai South,57.07,Thamizhachi Thangapandian,Dravida Munnetra Kazhagam,262223,DMK
26,27,Sholinganallur,Chennai,Chennai,Chennai South,57.07,Thamizhachi Thangapandian,Dravida Munnetra Kazhagam,262223,DMK
27,28,Alandur,Chennai,Chennai,Sriperumbudur,62.44,T R Baalu,Dravida Munnetra Kazhagam,484732,DMK
28,29,Sriperumbudur,Kanchipuram,Kancheepuram,Sriperumbudur,62.44,T R Baalu,Dravida Munnetra Kazhagam,484732,DMK
29,30,Pallavaram,Chengalpattu,Kancheepuram,Sriperumbudur,62.44,T R Baalu,Dravida Munnetra Kazhagam,484732,DMK
30,31,Tambaram,Chengalpattu,Kancheepuram,Sriperumbudur,62.44,T R Baalu,Dravida Munnetra Kazhagam,484732,DMK
31,32,Chengalpattu,Chengalpattu,Kancheepuram,Kancheepuram,75.31,G. Selvam,Dravida Munnetra Kazhagam,286632,DMK
32,33,Thiruporur,Chengalpattu,Kancheepuram,Kancheepuram,75.31,G. Selvam,Dravida Munnetra Kazhagam,286632,DMK
33,34,Cheyyur,Chengalpattu,Kancheepuram,Kancheepuram,75.31,G. Selvam,Dravida Munnetra Kazhagam,286632,DMK
34,35,Maduranthakam,Chengalpattu,Kancheepuram,Kancheepuram,75.31,G. Selvam,Dravida Munnetra Kazhagam,286632,DMK
35,36,Uthiramerur,Kanchipuram,Kancheepuram,Kancheepuram,75.31,G. Selvam,Dravida Munnetra Kazhagam,286632,DMK
36,37,Kancheepuram,Kanchipuram,Kancheepuram,Kancheepuram,75.31,G. Selvam,Dravida Munnetra Kazhagam,286632,DMK
37,38,Arakkonam,Ranipet,Vellore,Arakkonam,78.65,S. Jagathrakshakan,Dravida Munnetra Kazhagam,328956,DMK
38,39,Sholingur,Ranipet,Vellore,Arakkonam,78.65,S. Jagathrakshakan,Dravida Munnetra Kazhagam,328956,DMK
39,40,Katpadi (Vellore North),Vellore,Vellore,Arakkonam,78.65,S. Jagathrakshakan,Dravida Munnetra Kazhagam,328956,DMK
40,41,Ranipet,Ranipet,Vellore,Arakkonam,78.65,S. Jagathrakshakan,Dravida Munnetra Kazhagam,328956,DMK
41,42,Arcot,Ranipet,Vellore,Arakkonam,78.65,S. Jagathrakshakan,Dravida Munnetra Kazhagam,328956,DMK
42,43,Vellore (Vellore south),Vellore,Vellore,Vellore,71.46,D. M. Kathir Anand[a],Dravida Munnetra Kazhagam,8141,DMK
43,44,Anaikattu,Vellore,Vellore,Vellore,71.46,D. M. Kathir Anand[a],Dravida Munnetra Kazhagam,8141,DMK
44,45,K. V. Kuppam,Vellore,Vellore,Vellore,71.46,D. M. Kathir Anand[a],Dravida Munnetra Kazhagam,8141,DMK
45,46,Gudiyattam,Vellore,Vellore,Vellore,71.46,D. M. Kathir Anand[a],Dravida Munnetra Kazhagam,8141,DMK
46,47,Vaniyambadi,Tirupattur,Vellore,Vellore,71.46,D. M. Kathir Anand[a],Dravida Munnetra Kazhagam,8141,DMK
47,48,Ambur,Tirupattur,Vellore,Vellore,71.46,D. M. Kathir Anand[a],Dravida Munnetra Kazhagam,8141,DMK
48,49,Jolarpet,Tirupattur,Vellore,Tiruvannamalai,78.15,C. N. Annadurai,Dravida Munnetra Kazhagam,304187,DMK
49,50,"Tirupattur, Vellore",Tirupattur,Vellore,Tiruvannamalai,78.15,C. N. Annadurai,Dravida Munnetra Kazhagam,304187,DMK
50,51,Uthangarai,Krishnagiri,Krishnagiri,Krishnagiri,75.95,A. Chellakumar,Indian National Congress,156765,IND
51,52,Bargur,Krishnagiri,Krishnagiri,Krishnagiri,75.95,A. Chellakumar,Indian National Congress,156765,IND
52,53,Krishnagiri,Krishnagiri,Krishnagiri,Krishnagiri,75.95,A. Chellakumar,Indian National Congress,156765,IND
53,54,Veppanahalli,Krishnagiri,Krishnagiri,Krishnagiri,75.95,A. Chellakumar,Indian National Congress,156765,IND
54,55,Hosur,Krishnagiri,Krishnagiri,Krishnagiri,75.95,A. Chellakumar,Indian National Congress,156765,IND
55,56,Thalli,Krishnagiri,Krishnagiri,Krishnagiri,75.95,A. Chellakumar,Indian National Congress,156765,IND
56,57,Palacode,Dharmapuri,Dharmapuri,Dharmapuri,82.41,Dr. S. Senthil Kumar,Dravida Munnetra Kazhagam,70753,DMK
57,58,Pennagaram,Dharmapuri,Dharmapuri,Dharmapuri,82.41,Dr. S. Senthil Kumar,Dravida Munnetra Kazhagam,70753,DMK
58,59,Dharmapuri,Dharmapuri,Dharmapuri,Dharmapuri,82.41,Dr. S. Senthil Kumar,Dravida Munnetra Kazhagam,70753,DMK
59,60,Pappireddippatti,Dharmapuri,Dharmapuri,Dharmapuri,82.41,Dr. S. Senthil Kumar,Dravida Munnetra Kazhagam,70753,DMK
60,61,Harur,Dharmapuri,Dharmapuri,Dharmapuri,82.41,Dr. S. Senthil Kumar,Dravida Munnetra Kazhagam,70753,DMK
61,62,Chengam,Tiruvannamalai,Tiruvannamalai,Tiruvannamalai,78.15,C. N. Annadurai,Dravida Munnetra Kazhagam,304187,DMK
62,63,Tiruvannamalai,Tiruvannamalai,Tiruvannamalai,Tiruvannamalai,78.15,C. N. Annadurai,Dravida Munnetra Kazhagam,304187,DMK
63,64,Kilpennathur,Tiruvannamalai,Tiruvannamalai,Tiruvannamalai,78.15,C. N. Annadurai,Dravida Munnetra Kazhagam,304187,DMK
64,65,Kalasapakkam,Tiruvannamalai,Tiruvannamalai,Tiruvannamalai,78.15,C. N. Annadurai,Dravida Munnetra Kazhagam,304187,DMK
65,66,Polur,Tiruvannamalai,Tiruvannamalai,Arani,79.01,Dr. M. K. Vishnu Prasad,Indian National Congress,230806,IND
66,67,Arani,Tiruvannamalai,Tiruvannamalai,Arani,79.01,Dr. M. K. Vishnu Prasad,Indian National Congress,230806,IND
67,68,Cheyyar,Tiruvannamalai,Tiruvannamalai,Arani,79.01,Dr. M. K. Vishnu Prasad,Indian National Congress,230806,IND
68,69,Vandavasi,Tiruvannamalai,Tiruvannamalai,Arani,79.01,Dr. M. K. Vishnu Prasad,Indian National Congress,230806,IND
69,70,Gingee,Viluppuram,Viluppuram,Arani,79.01,Dr. M. K. Vishnu Prasad,Indian National Congress,230806,IND
70,71,Mailam,Viluppuram,Viluppuram,Arani,79.01,Dr. M. K. Vishnu Prasad,Indian National Congress,230806,IND
71,72,Tindivanam,Viluppuram,Viluppuram,Villupuram,78.66,D. Ravikumar,Dravida Munnetra Kazhagam,128068,DMK
72,73,Vanur,Viluppuram,Viluppuram,Villupuram,78.66,D. Ravikumar,Dravida Munnetra Kazhagam,128068,DMK
73,74,Villupuram,Viluppuram,Viluppuram,Villupuram,78.66,D. Ravikumar,Dravida Munnetra Kazhagam,128068,DMK
74,75,Vikravandi,Viluppuram,Viluppuram,Villupuram,78.66,D. Ravikumar,Dravida Munnetra Kazhagam,128068,DMK
75,76,Tirukkoyilur,Kallakurichi,Viluppuram,Villupuram,78.66,D. Ravikumar,Dravida Munnetra Kazhagam,128068,DMK
76,77,Ulundurpettai,Kallakurichi,Viluppuram,Villupuram,78.66,D. Ravikumar,Dravida Munnetra Kazhagam,128068,DMK
77,78,Rishivandiyam,Kallakurichi,Viluppuram,Kallakurichi,78.81,Pon. Gautham Sigamani,Dravida Munnetra Kazhagam,399919,DMK
78,79,Sankarapuram,Kallakurichi,Viluppuram,Kallakurichi,78.81,Pon. Gautham Sigamani,Dravida Munnetra Kazhagam,399919,DMK
79,80,Kallakurichi,Kallakurichi,Viluppuram,Kallakurichi,78.81,Pon. Gautham Sigamani,Dravida Munnetra Kazhagam,399919,DMK
80,81,Gangavalli,Salem,Salem,Kallakurichi,78.81,Pon. Gautham Sigamani,Dravida Munnetra Kazhagam,399919,DMK
81,82,Attur,Salem,Salem,Kallakurichi,78.81,Pon. Gautham Sigamani,Dravida Munnetra Kazhagam,399919,DMK
82,83,Yercaud,Salem,Salem,Kallakurichi,78.81,Pon. Gautham Sigamani,Dravida Munnetra Kazhagam,399919,DMK
83,84,Omalur,Salem,Salem,Salem,77.91,S. R. Parthiban,Dravida Munnetra Kazhagam,146926,DMK
84,85,Mettur,Salem,Salem,Dharmapuri,82.41,Dr. S. Senthil Kumar,Dravida Munnetra Kazhagam,70753,DMK
85,86,Edapadi,Salem,Salem,Salem,77.91,S. R. Parthiban,Dravida Munnetra Kazhagam,146926,DMK
86,87,Sankagiri,Salem,Salem,Namakkal,80.22,A. K. P. Chinraj,Dravida Munnetra Kazhagam,265151,DMK
87,88,Salem (West),Salem,Salem,Salem,77.91,S. R. Parthiban,Dravida Munnetra Kazhagam,146926,DMK
88,89,Salem (North),Salem,Salem,Salem,77.91,S. R. Parthiban,Dravida Munnetra Kazhagam,146926,DMK
89,90,Salem (South),Salem,Salem,Salem,77.91,S. R. Parthiban,Dravida Munnetra Kazhagam,146926,DMK
90,91,Veerapandi,Salem,Salem,Salem,77.91,S. R. Parthiban,Dravida Munnetra Kazhagam,146926,DMK
91,92,Rasipuram,Namakkal,Namakkal,Namakkal,80.22,A. K. P. Chinraj,Dravida Munnetra Kazhagam,265151,DMK
92,93,Senthamangalam,Namakkal,Namakkal,Namakkal,80.22,A. K. P. Chinraj,Dravida Munnetra Kazhagam,265151,DMK
93,94,Namakkal,Namakkal,Namakkal,Namakkal,80.22,A. K. P. Chinraj,Dravida Munnetra Kazhagam,265151,DMK
94,95,Paramathi Velur,Namakkal,Namakkal,Namakkal,80.22,A. K. P. Chinraj,Dravida Munnetra Kazhagam,265151,DMK
95,96,Tiruchengodu,Namakkal,Namakkal,Namakkal,80.22,A. K. P. Chinraj,Dravida Munnetra Kazhagam,265151,DMK
96,97,Kumarapalayam,Namakkal,Namakkal,Erode,73.11,A. Ganesha Murthi,Dravida Munnetra Kazhagam,210618,DMK
97,98,Erode (East),Erode,Erode,Erode,73.11,A. Ganesha Murthi,Dravida Munnetra Kazhagam,210618,DMK
98,99,Erode (West),Erode,Erode,Erode,73.11,A. Ganesha Murthi,Dravida Munnetra Kazhagam,210618,DMK
99,100,Modakkurichi,Erode,Erode,Erode,73.11,A. Ganesha Murthi,Dravida Munnetra Kazhagam,210618,DMK
100,101,Perundurai,Erode,Erode,Tiruppur,73.21,K. Subbarayan,Communist Party of India,93368,CPI
101,102,Bhavani,Erode,Erode,Tiruppur,73.21,K. Subbarayan,Communist Party of India,93368,CPI
102,103,Anthiyur,Erode,Erode,Tiruppur,73.21,K. Subbarayan,Communist Party of India,93368,CPI
103,104,Gobichettipalayam,Erode,Erode,Tiruppur,73.21,K. Subbarayan,Communist Party of India,93368,CPI
104,105,Bhavanisagar,Erode,Erode,Nilgiris,74.01,A Raja,Dravida Munnetra Kazhagam,205823,DMK
105,106,Dharapuram,Erode,Tiruppur,Erode,73.11,A. Ganesha Murthi,Dravida Munnetra Kazhagam,210618,DMK
106,107,Kangayam,Erode,Tiruppur,Erode,73.11,A. Ganesha Murthi,Dravida Munnetra Kazhagam,210618,DMK
107,108,Avanashi,Tiruppur,Tiruppur,Nilgiris,74.01,A Raja,Dravida Munnetra Kazhagam,205823,DMK
108,109,Tiruppur (North),Tiruppur,Tiruppur,Tiruppur,73.21,K. Subbarayan,Communist Party of India,93368,CPI
109,110,Tiruppur (South),Tiruppur,Tiruppur,Tiruppur,73.21,K. Subbarayan,Communist Party of India,93368,CPI
110,111,Palladam,Tiruppur,Tiruppur,Coimbatore,63.86,P.R. Natarajan,Communist Party of India (Marxist),176918,CPIM
111,112,Udumalaipettai,Tiruppur,Tiruppur,Pollachi,71.15,K. Shamugasundaram,Dravida Munnetra Kazhagam,173359,DMK
112,113,Madathukulam,Tiruppur,Tiruppur,Pollachi,71.15,K. Shamugasundaram,Dravida Munnetra Kazhagam,173359,DMK
113,114,Udhagamandalam,Nilgiris,The Nilgiris,Nilgiris,74.01,A Raja,Dravida Munnetra Kazhagam,205823,DMK
114,115,Coonoor,Nilgiris,The Nilgiris,Nilgiris,74.01,A Raja,Dravida Munnetra Kazhagam,205823,DMK
115,116,Gudalur,Nilgiris,The Nilgiris,Nilgiris,74.01,A Raja,Dravida Munnetra Kazhagam,205823,DMK
116,117,Mettupalayam,Coimbatore,Coimbatore,Nilgiris,74.01,A Raja,Dravida Munnetra Kazhagam,205823,DMK
117,118,Sulur,Coimbatore,Coimbatore,Coimbatore,63.86,P.R. Natarajan,Communist Party of India (Marxist),176918,CPIM
118,119,Kavundampalayam,Coimbatore,Coimbatore,Coimbatore,63.86,P.R. Natarajan,Communist Party of India (Marxist),176918,CPIM
119,120,Coimbatore North,Coimbatore,Coimbatore,Coimbatore,63.86,P.R. Natarajan,Communist Party of India (Marxist),176918,CPIM
120,121,Thondamuthur,Coimbatore,Coimbatore,Pollachi,71.15,K. Shamugasundaram,Dravida Munnetra Kazhagam,173359,DMK
121,122,Coimbatore (South),Coimbatore,Coimbatore,Coimbatore,63.86,P.R. Natarajan,Communist Party of India (Marxist),176918,CPIM
122,123,Singanallur,Coimbatore,Coimbatore,Coimbatore,63.86,P.R. Natarajan,Communist Party of India (Marxist),176918,CPIM
123,124,Kinathukadavu,Coimbatore,Coimbatore,Pollachi,71.15,K. Shamugasundaram,Dravida Munnetra Kazhagam,173359,DMK
124,125,Pollachi,Coimbatore,Coimbatore,Pollachi,71.15,K. Shamugasundaram,Dravida Munnetra Kazhagam,173359,DMK
125,126,Valparai,Coimbatore,Coimbatore,Pollachi,71.15,K. Shamugasundaram,Dravida Munnetra Kazhagam,173359,DMK
126,127,Palani,Dindigul,Dindigul,Dindigul,75.29,P. Veluchamy,Dravida Munnetra Kazhagam,538972,DMK
127,128,Oddanchatram,Dindigul,Dindigul,Dindigul,75.29,P. Veluchamy,Dravida Munnetra Kazhagam,538972,DMK
128,129,Athoor,Dindigul,Dindigul,Dindigul,75.29,P. Veluchamy,Dravida Munnetra Kazhagam,538972,DMK
129,130,Nilakottai,Dindigul,Dindigul,Dindigul,75.29,P. Veluchamy,Dravida Munnetra Kazhagam,538972,DMK
130,131,Natham,Dindigul,Dindigul,Dindigul,75.29,P. Veluchamy,Dravida Munnetra Kazhagam,538972,DMK
131,132,Dindigul,Dindigul,Dindigul,Dindigul,75.29,P. Veluchamy,Dravida Munnetra Kazhagam,538972,DMK
132,133,Vedasandur,Dindigul,Dindigul,Karur,79.55,S.Jothimani,Indian National Congress,420546,IND
133,134,Aravakurichi,Karur,Karur,Karur,79.55,S.Jothimani,Indian National Congress,420546,IND
134,135,Karur,Karur,Karur,Karur,79.55,S.Jothimani,Indian National Congress,420546,IND
135,136,Krishnarayapuram,Karur,Karur,Karur,79.55,S.Jothimani,Indian National Congress,420546,IND
136,137,Kulithalai,Karur,Karur,Perambalur,79.26,T. R. Paarivendhar,Dravida Munnetra Kazhagam,403518,DMK
137,138,Manapaarai,Tiruchirappalli,Tiruchirappalli,Karur,79.55,S.Jothimani,Indian National Congress,420546,IND
138,139,Srirangam,Tiruchirappalli,Tiruchirappalli,Tiruchirappalli,69.5,Su. Thirunavukkarasar,Indian National Congress,459286,IND
139,140,Tiruchirappalli (West),Tiruchirappalli,Tiruchirappalli,Tiruchirappalli,69.5,Su. Thirunavukkarasar,Indian National Congress,459286,IND
140,141,Tiruchirappalli (East),Tiruchirappalli,Tiruchirappalli,Tiruchirappalli,69.5,Su. Thirunavukkarasar,Indian National Congress,459286,IND
141,142,Thiruverumbur,Tiruchirappalli,Tiruchirappalli,Tiruchirappalli,69.5,Su. Thirunavukkarasar,Indian National Congress,459286,IND
142,143,Lalgudi,Tiruchirappalli,Tiruchirappalli,Perambalur,79.26,T. R. Paarivendhar,Dravida Munnetra Kazhagam,403518,DMK
143,144,Manachanallur,Tiruchirappalli,Tiruchirappalli,Perambalur,79.26,T. R. Paarivendhar,Dravida Munnetra Kazhagam,403518,DMK
144,145,Musiri,Tiruchirappalli,Tiruchirappalli,Perambalur,79.26,T. R. Paarivendhar,Dravida Munnetra Kazhagam,403518,DMK
145,146,Thuraiyur,Tiruchirappalli,Tiruchirappalli,Perambalur,79.26,T. R. Paarivendhar,Dravida Munnetra Kazhagam,403518,DMK
146,147,Perambalur,Perambalur,Perambalur,Perambalur,79.26,T. R. Paarivendhar,Dravida Munnetra Kazhagam,403518,DMK
147,148,Kunnam,Perambalur,Perambalur,Chidambaram,77.98,Thol. Thirumavalavan,Viduthalai Chiruthaigal Katchi,3219,VCK
148,149,Ariyalur,Ariyalur,Ariyalur,Chidambaram,77.98,Thol. Thirumavalavan,Viduthalai Chiruthaigal Katchi,3219,VCK
149,150,Jayankondam,Ariyalur,Ariyalur,Chidambaram,77.98,Thol. Thirumavalavan,Viduthalai Chiruthaigal Katchi,3219,VCK
150,151,Tittakudi,Cuddalore,Cuddalore,Cuddalore,76.49,T.R.V.S. Ramesh,Dravida Munnetra Kazhagam,143983,DMK
151,152,Vriddhachalam,Cuddalore,Cuddalore,Cuddalore,76.49,T.R.V.S. Ramesh,Dravida Munnetra Kazhagam,143983,DMK
152,153,Neyveli,Cuddalore,Cuddalore,Cuddalore,76.49,T.R.V.S. Ramesh,Dravida Munnetra Kazhagam,143983,DMK
153,154,Panruti,Cuddalore,Cuddalore,Cuddalore,76.49,T.R.V.S. Ramesh,Dravida Munnetra Kazhagam,143983,DMK
154,155,Cuddalore,Cuddalore,Cuddalore,Cuddalore,76.49,T.R.V.S. Ramesh,Dravida Munnetra Kazhagam,143983,DMK
155,156,Kurinjipadi,Cuddalore,Cuddalore,Cuddalore,76.49,T.R.V.S. Ramesh,Dravida Munnetra Kazhagam,143983,DMK
156,157,Bhuvanagiri,Cuddalore,Cuddalore,Chidambaram,77.98,Thol. Thirumavalavan,Viduthalai Chiruthaigal Katchi,3219,VCK
157,158,Chidambaram,Cuddalore,Cuddalore,Chidambaram,77.98,Thol. Thirumavalavan,Viduthalai Chiruthaigal Katchi,3219,VCK
158,159,Kattumannarkoil,Cuddalore,Cuddalore,Chidambaram,77.98,Thol. Thirumavalavan,Viduthalai Chiruthaigal Katchi,3219,VCK
159,160,Sirkazhi,Nagapattinam,Nagapattinam,Mayiladuthurai,73.93,S. Ramalingam,Dravida Munnetra Kazhagam,261314,DMK
160,161,Mayiladuthurai,Nagapattinam,Nagapattinam,Mayiladuthurai,73.93,S. Ramalingam,Dravida Munnetra Kazhagam,261314,DMK
161,162,Poompuhar,Nagapattinam,Nagapattinam,Mayiladuthurai,73.93,S. Ramalingam,Dravida Munnetra Kazhagam,261314,DMK
162,163,Nagapattinam,Nagapattinam,Nagapattinam,Nagapattinam,76.93,M. Selvarasu,Communist Party of India,209349,CPI
163,164,Kilvelur,Nagapattinam,Nagapattinam,Nagapattinam,76.93,M. Selvarasu,Communist Party of India,209349,CPI
164,165,Vedaranyam,Nagapattinam,Nagapattinam,Nagapattinam,76.93,M. Selvarasu,Communist Party of India,209349,CPI
165,166,Thiruthuraipoondi,Thiruvarur,Thiruvarur,Nagapattinam,76.93,M. Selvarasu,Communist Party of India,209349,CPI
166,167,Mannargudi,Thiruvarur,Thiruvarur,Thanjavur,72.55,S S Palanimanickam,Dravida Munnetra Kazhagam,368129,DMK
167,168,Thiruvarur,Thiruvarur,Thiruvarur,Nagapattinam,76.93,M. Selvarasu,Communist Party of India,209349,CPI
168,169,Nannilam,Thiruvarur,Thiruvarur,Nagapattinam,76.93,M. Selvarasu,Communist Party of India,209349,CPI
169,170,Thiruvidaimarudur,Thanjavur,Thanjavur,Mayiladuthurai,73.93,S. Ramalingam,Dravida Munnetra Kazhagam,261314,DMK
170,171,Kumbakonam,Thanjavur,Thanjavur,Mayiladuthurai,73.93,S. Ramalingam,Dravida Munnetra Kazhagam,261314,DMK
171,172,Papanasam,Thanjavur,Thanjavur,Mayiladuthurai,73.93,S. Ramalingam,Dravida Munnetra Kazhagam,261314,DMK
172,173,Thiruvaiyaru,Thanjavur,Thanjavur,Thanjavur,72.55,S S Palanimanickam,Dravida Munnetra Kazhagam,368129,DMK
173,174,Thanjavur,Thanjavur,Thanjavur,Thanjavur,72.55,S S Palanimanickam,Dravida Munnetra Kazhagam,368129,DMK
174,175,Orathanadu,Thanjavur,Thanjavur,Thanjavur,72.55,S S Palanimanickam,Dravida Munnetra Kazhagam,368129,DMK
175,176,Pattukkottai,Thanjavur,Thanjavur,Thanjavur,72.55,S S Palanimanickam,Dravida Munnetra Kazhagam,368129,DMK
176,177,Peravurani,Thanjavur,Thanjavur,Thanjavur,72.55,S S Palanimanickam,Dravida Munnetra Kazhagam,368129,DMK
177,178,Gandharvakottai,Pudukkottai,Pudukkottai,Tiruchirappalli,69.5,Su. Thirunavukkarasar,Indian National Congress,459286,IND
178,179,Viralimalai,Pudukkottai,Pudukkottai,Karur,79.55,S.Jothimani,Indian National Congress,420546,IND
179,180,Pudukkottai,Pudukkottai,Pudukkottai,Tiruchirappalli,69.5,Su. Thirunavukkarasar,Indian National Congress,459286,IND
180,181,Thirumayam,Pudukkottai,Pudukkottai,Sivaganga,69.9,Karti P Chidambaram,Indian National Congress,332244,IND
181,182,Alangudi,Pudukkottai,Pudukkottai,Sivaganga,69.9,Karti P Chidambaram,Indian National Congress,332244,IND
182,183,Aranthangi,Pudukkottai,Pudukkottai,Ramanathapuram,68.4,Navaskani,Indian Union Muslim League,126237,IUML
183,184,Karaikudi,Sivaganga,Sivaganga,Sivaganga,69.9,Karti P Chidambaram,Indian National Congress,332244,IND
184,185,Tiruppattur,Sivaganga,Sivaganga,Sivaganga,69.9,Karti P Chidambaram,Indian National Congress,332244,IND
185,186,Sivaganga,Sivaganga,Sivaganga,Sivaganga,69.9,Karti P Chidambaram,Indian National Congress,332244,IND
186,187,Manamadurai,Sivaganga,Sivaganga,Sivaganga,69.9,Karti P Chidambaram,Indian National Congress,332244,IND
187,188,Melur,Madurai,Madurai,Madurai,66.09,S. Venkatesan,Communist Party of India (Marxist),139395,CPIM
188,189,Madurai East,Madurai,Madurai,Madurai,66.09,S. Venkatesan,Communist Party of India (Marxist),139395,CPIM
189,190,Sholavandan,Madurai,Madurai,Theni,75.27,P. Raveendranath Kumar,All India Anna Dravida Munnetra Kazhagam,76672,AIADMK
190,191,Madurai North,Madurai,Madurai,Madurai,66.09,S. Venkatesan,Communist Party of India (Marxist),139395,CPIM
191,192,Madurai South,Madurai,Madurai,Madurai,66.09,S. Venkatesan,Communist Party of India (Marxist),139395,CPIM
192,193,Madurai Central,Madurai,Madurai,Madurai,66.09,S. Venkatesan,Communist Party of India (Marxist),139395,CPIM
193,194,Madurai West,Madurai,Madurai,Madurai,66.09,S. Venkatesan,Communist Party of India (Marxist),139395,CPIM
194,195,Thiruparankundram,Madurai,Madurai,Virudhunagar,72.49,Manickam Tagore,Indian National Congress,154554,IND
195,196,Tirumangalam,Madurai,Madurai,Virudhunagar,72.49,Manickam Tagore,Indian National Congress,154554,IND
196,197,Usilampatti,Madurai,Madurai,Theni,75.27,P. Raveendranath Kumar,All India Anna Dravida Munnetra Kazhagam,76672,AIADMK
197,198,Andipatti,Theni,Theni,Theni,75.27,P. Raveendranath Kumar,All India Anna Dravida Munnetra Kazhagam,76672,AIADMK
198,199,Periyakulam,Theni,Theni,Theni,75.27,P. Raveendranath Kumar,All India Anna Dravida Munnetra Kazhagam,76672,AIADMK
199,200,Bodinayakanur,Theni,Theni,Theni,75.27,P. Raveendranath Kumar,All India Anna Dravida Munnetra Kazhagam,76672,AIADMK
200,201,Cumbum,Theni,Theni,Theni,75.27,P. Raveendranath Kumar,All India Anna Dravida Munnetra Kazhagam,76672,AIADMK
201,202,Rajapalayam,Virudhunagar,Virudhunagar,Tenkasi,71.43,Dhanush M Kumar,Dravida Munnetra Kazhagam,120286,DMK
202,203,Srivilliputhur,Virudhunagar,Virudhunagar,Tenkasi,71.43,Dhanush M Kumar,Dravida Munnetra Kazhagam,120286,DMK
203,204,Sattur,Virudhunagar,Virudhunagar,Virudhunagar,72.49,Manickam Tagore,Indian National Congress,154554,IND
204,205,Sivakasi,Virudhunagar,Virudhunagar,Virudhunagar,72.49,Manickam Tagore,Indian National Congress,154554,IND
205,206,Virudhunagar,Virudhunagar,Virudhunagar,Virudhunagar,72.49,Manickam Tagore,Indian National Congress,154554,IND
206,207,Aruppukkottai,Virudhunagar,Virudhunagar,Virudhunagar,72.49,Manickam Tagore,Indian National Congress,154554,IND
207,208,Tiruchuli,Virudhunagar,Virudhunagar,Ramanathapuram,68.4,Navaskani,Indian Union Muslim League,126237,IUML
208,209,Paramakudi,Ramanathapuram,Ramanathapuram,Ramanathapuram,68.4,Navaskani,Indian Union Muslim League,126237,IUML
209,210,Tiruvadanai,Ramanathapuram,Ramanathapuram,Ramanathapuram,68.4,Navaskani,Indian Union Muslim League,126237,IUML
210,211,Ramanathapuram,Ramanathapuram,Ramanathapuram,Ramanathapuram,68.4,Navaskani,Indian Union Muslim League,126237,IUML
211,212,Mudhukulathur,Ramanathapuram,Ramanathapuram,Ramanathapuram,68.4,Navaskani,Indian Union Muslim League,126237,IUML
212,213,Vilathikulam,Thoothukudi,Thoothukkudi,Thoothukkudi,69.48,Kanimozhi Karunanidhi,Dravida Munnetra Kazhagam,347209,DMK
213,214,Thoothukudi,Thoothukudi,Thoothukkudi,Thoothukkudi,69.48,Kanimozhi Karunanidhi,Dravida Munnetra Kazhagam,347209,DMK
214,215,Tiruchendur,Thoothukudi,Thoothukkudi,Thoothukkudi,69.48,Kanimozhi Karunanidhi,Dravida Munnetra Kazhagam,347209,DMK
215,216,Tiruvaikuntam,Thoothukudi,Thoothukkudi,Thoothukkudi,69.48,Kanimozhi Karunanidhi,Dravida Munnetra Kazhagam,347209,DMK
216,217,Ottapidaram,Thoothukudi,Thoothukkudi,Thoothukkudi,69.48,Kanimozhi Karunanidhi,Dravida Munnetra Kazhagam,347209,DMK
217,218,Kovilpatti,Thoothukudi,Thoothukkudi,Thoothukkudi,69.48,Kanimozhi Karunanidhi,Dravida Munnetra Kazhagam,347209,DMK
218,219,Sankarankovil,Tenkasi,Tirunelveli,Tenkasi,71.43,Dhanush M Kumar,Dravida Munnetra Kazhagam,120286,DMK
219,220,Vasudevanallur,Tenkasi,Tirunelveli,Tenkasi,71.43,Dhanush M Kumar,Dravida Munnetra Kazhagam,120286,DMK
220,221,Kadayanallur,Tenkasi,Tirunelveli,Tenkasi,71.43,Dhanush M Kumar,Dravida Munnetra Kazhagam,120286,DMK
221,222,Tenkasi,Tenkasi,Tirunelveli,Tenkasi,71.43,Dhanush M Kumar,Dravida Munnetra Kazhagam,120286,DMK
222,223,Alangulam,Tenkasi,Tirunelveli,Tirunelveli,67.22,S. Gnanathiraviam,Dravida Munnetra Kazhagam,185457,DMK
223,224,Tirunelveli,Tirunelveli,Tirunelveli,Tirunelveli,67.22,S. Gnanathiraviam,Dravida Munnetra Kazhagam,185457,DMK
224,225,Ambasamudram,Tirunelveli,Tirunelveli,Tirunelveli,67.22,S. Gnanathiraviam,Dravida Munnetra Kazhagam,185457,DMK
225,226,Palayamkottai,Tirunelveli,Tirunelveli,Tirunelveli,67.22,S. Gnanathiraviam,Dravida Munnetra Kazhagam,185457,DMK
226,227,Nanguneri,Tirunelveli,Tirunelveli,Tirunelveli,67.22,S. Gnanathiraviam,Dravida Munnetra Kazhagam,185457,DMK
227,228,Radhapuram,Tirunelveli,Tirunelveli,Tirunelveli,67.22,S. Gnanathiraviam,Dravida Munnetra Kazhagam,185457,DMK
228,229,Kanniyakumari,Kanniyakumari,Kanniyakumari,Kanniyakumari,69.9,H. Vasanthakumar,Indian National Congress,259933,IND
229,230,Nagercoil,Kanniyakumari,Kanniyakumari,Kanniyakumari,69.9,H. Vasanthakumar,Indian National Congress,259933,IND
230,231,Colachal,Kanniyakumari,Kanniyakumari,Kanniyakumari,69.9,H. Vasanthakumar,Indian National Congress,259933,IND
231,232,Padmanabhapuram,Kanniyakumari,Kanniyakumari,Kanniyakumari,69.9,H. Vasanthakumar,Indian National Congress,259933,IND
232,233,Vilavancode,Kanniyakumari,Kanniyakumari,Kanniyakumari,69.9,H. Vasanthakumar,Indian National Congress,259933,IND
233,234,Killiyoor,Kanniyakumari,Kanniyakumari,Kanniyakumari,69.9,H. Vasanthakumar,Indian National Congress,259933,IND
